Run	sample	gene	ratio
Run16	N18D00310	NRAS	?
Run18	N18D00357	EGFR	-
Run18	N18D00357	MET	-
Run18	N18D00357	BRAF	-
Run18	N18D00357	CDKN2A	0.5
Run20	N19D00020	EGFR	-
Run20	N19D00020	MET	-
Run20	N19D00020	BRAF	-
Run42	N19D00707	EGFR	1.5
Run42	N19D00707	RAC1	1.5
Run42	N19D00707	MET	1.5
Run42	N19D00707	BRAF	1.5
Run42	N19D00707	CDKN2A	0
Run42	N19D00708	EGFR	15
Run42	N19D00708	CDKN2A	0
Run42	N19D00708	PTEN	0.5
Run42	N19D00708	STK11	?
Run42	N19D00708	GNA11	?
Run42	N19D00713	PIK3CA	?
Run44	N19D00767	RAC1	1.5
Run44	N19D00767	EGFR	1.5
Run44	N19D00767	MET	1.5
Run44	N19D00767	BRAF	1.5
Run44	N19D00767	PTEN	0.5
Run44	N19D00778	KIT	?
Run44	N19D00778	PDGFRA	?
Run44	N19D00778	AKT1	?
Run44	N19D00778	STK11	?
Run44	N19D00778	GNA11	?
Run46	N19D00869	NRAS	1.5
Run46	N19D00869	EGFR	1.5
Run46	N19D00869	MET	1.5
Run46	N19D00869	BRAF	1.5
Run46	N19D00869	CDKN2A	0.5
Run46	N19D00869	KJAK2	?
Run46	N19D00869	PTEN	0.5
Run46	N19D00869	FGFR2	0.5
Run46	N19D00869	PIK3CA	?
Run46	N19D00869	MAP2K1	?
Run46	N19D00869	IDH2	?
Run48	N19D01011	BRAF	1.5
Run48	N19D01011	MET	1.5
Run48	N19D01011	PIK3CA	?
Run48	N19D01011	HRAS	?
Run48	N19D01011	KRAS	?
Run48	N19D01011	POLE	?
Run48	N19D01011	STK11	?
Run48	N19D01011	GNA11	?
Run49	N19D01117	RAC1	1.5
Run49	N19D01117	EGFR	1.5
Run49	N19D01117	MET	1.5
Run49	N19D01117	BRAF	1.5
Run49	N19D01117	CDKN2A	0
Run49	N19D01117	GNAQ	?
Run51	N19D01185	RAC1	1.5
Run51	N19D01185	EGFR	1.5
Run51	N19D01185	BRAF	1.5
Run51	N19D01185	MET	1.5
Run51	N19D01185	CDKN2A	0.5
Run51	N19D01185	PTEN	0.5
Run53	N19D01290	IDH2	?
Run53	N19D01308	-	-
Run54	N19D01339	-	-
Run56	N19D01418	EGFR	20
Run56	N19D01418	MET	1.5
Run56	N19D01418	BRAF	1.5
Run56	N19D01418	CDKN2A	0.5
Run56	N19D01418	PTEN	0.5
Run56	N19D01418	FGFR3	?
Run56	N19D01418	TERT	?
Run56	N19D01418	SMAD4	?
Run56	N19D01418	STK11	?
Run56	N19D01418	GNA11	?
Run58	N19D01520	EGFR	2
Run58	N19D01520	BRAF	1.5
Run58	N19D01520	MET	1.5
Run58	N19D01520	CDKN2A	0.5
Run58	N19D01520	GNAQ	?
Run58	N19D01520	PTEN	0.5
Run58	N19D01520	FGFR2	?
Run58	N19D01520	PIK3CA	1.5
Run58	N19D01521	EGFR	1.5
Run58	N19D01521	BRAF	1.5
Run58	N19D01521	MET	1.5
Run58	N19D01521	CDKN2A	0.5
Run58	N19D01521	PTEN	?
Run58	N19D01521	FGFR2	?
Run58	N19D01521	PIK3CA	1.5
Run58	N19D01521	AKT1	?
Run58	N19D01521	ERBB2	?
Run59	N19D01544	BRAF	1.5
Run59	N19D01544	MET	1.5
Run59	N19D01544	CDKN2A	0.5
Run59	N19D01544	PTEN	0.5
Run59	N19D01544	FGFR2	?
Run59	N19D01544	SMAD4	?
Run59	N19D01560	NRAS	?
Run60	N19D01611	EGFR	1.5
Run60	N19D01611	BRAF	1.5
Run60	N19D01611	MET	1.5
Run60	N19D01611	FGFR2	?
Run60	N19D01611	H3F3A	?
Run60	N19D01611	ERBB2	?
Run61	N19D01679	PTEN	?
Run61	N19D01679	STK11	?
Run61	N19D01679	GNA11	?
Run65	N19D01843	RAC1	1.5
Run65	N19D01843	EGFR	1.5
Run65	N19D01843	BRAF	1.5
Run65	N19D01843	MET	1.5
Run65	N19D01843	CDKN2A	0.5
Run65	N19D01843	PTEN	0.5
Run65	N19D01843	FGFR2	?
Run65	N19D01843	STK11	?
Run65	N19D01843	GNA11	?
Run67	N19D01778	-	-
Run67	N19D01938	EGFR	1.5
Run67	N19D01938	BRAF	1.5
Run67	N19D01938	MET	1.5
Run67	N19D01938	JAK2	?
Run67	N19D01938	H3F3A	?
Run67	N19D01938	KIT	?
Run67	N19D01938	PDGFRA	?
Run67	N19D01938	TERT	?
Run67	N19D01938	HRAS	?
Run67	N19D01938	KRAS	?
Run67	N19D01938	POLE	?
Run67	N19D01938	AKT1	?
Run68	N19D01991	RAC1	1.5
Run68	N19D01991	EGFR	1.5
Run68	N19D01991	BRAF	1.5
Run68	N19D01991	MET	1.5
Run68	N19D01991	CDKN2A	0.5
Run68	N19D01991	PTEN	0.5
Run68	N19D01991	FGFR2	?
Run68	N19D01991	H3F3A	?
Run68	N19D01991	ALK	?
Run68	N19D01991	HRAS	?
Run68	N19D01991	POLE	?
Run68	N19D01991	AKT1	?
Run68	N19D01991	IDH2	?
Run68	N19D01991	ERBB2	?
Run69	N20D00015	RAC1	1.5
Run69	N20D00015	EGFR	1.5
Run69	N20D00015	BRAF	1.5
Run69	N20D00015	MET	1.5
Run69	N20D00015	CDKN2A	0.5
Run69	N20D00015	PTEN	?
Run69	N20D00015	FGFR2	?
Run69	N20D00015	TERT	?
Run69	N20D00015	HRAS	?
Run69	N20D00015	KRAS	?
Run69	N20D00015	AKT1	?
Run69	N20D00015	IDH2	?
Run70	N20D00073	-	-
Run71	N19D00639	EGFR	5.5
Run71	N19D00639	BRAF	1.5
Run71	N19D00639	MET	1.5
Run71	N19D00639	CDKN2A	?
Run71	N19D00639	GNAQ	?
Run71	N19D00639	PTEN	0.5
Run71	N19D00639	FGFR2	?
Run71	N19D00639	IDH2	?
Run71	N3D00113	HRAS	?
Run71	N3D00113	STK11	?
Run71	N3D00113	GNA11	?
Run71	N20D00118	RAC1	1.5
Run71	N20D00118	EGFR	1.5
Run71	N20D00118	BRAF	1.5
Run71	N20D00118	MET	1.5
Run71	N20D00118	PTEN	0.5
Run71	N20D00118	FGFR2	?
Run71	N20D00118	TERT	?
Run71	N20D00118	KRAS	?
Run71	N20D00118	STK11	?
Run71	N20D00118	GNA11	?
Run73	N20D00257	NRAS	?
Run73	N20D00257	EGFR	1.5
Run73	N20D00257	BRAF	1.5
Run73	N20D00257	MET	1.5
Run73	N20D00257	H3F3A	?
Run73	N20D00257	ALK	?
Run73	N20D00257	PIK3CA	?
Run73	N20D00257	AKT1	?
Run73	N20D00258	EGFR	1.5
Run73	N20D00258	CDKN2A	0
Run73	N20D00258	JAK2	?
Run73	N20D00258	FGFR1	?
Run73	N20D00258	HRAS	?
Run73	N20D00258	POLE	?
Run73	N20D00255	EGFR	5
Run73	N20D00255	BRAF	1.5
Run73	N20D00255	MET	1.5
Run74	N20D00278	NRAS	?
Run74	N20D00278	JAK2	?
Run74	N20D00278	FGFR2	?
Run74	N20D00278	PIK3CA	?
Run74	N20D00278	KIT	?
Run74	N20D00278	PDGFRA	?
Run74	N20D00278	HRAS	?
Run74	N20D00278	POLE	?
Run74	N20D00278	AKT1	?
Run74	N20D00278	ERBB2	?
Run74	N20D00278	SMAD4	?
Run74	N20D00301	-	-
Run76	N20D00417	RAC1	1.5
Run76	N20D00417	EGFR	1.5
Run76	N20D00417	BRAF	1.5
Run76	N20D00417	MET	1.5
Run76	N20D00417	JAK2	?
Run76	N20D00417	GNAQ	?
Run76	N20D00417	PTEN	0.5
Run76	N20D00417	FGFR2	?
Run76	N20D00417	H3F3A	?
Run76	N20D00417	ALK	?
Run76	N20D00417	PIK3CA	?
Run76	N20D00417	HRAS	?
Run76	N20D00417	AKT1	?
Run76	N20D00417	MAP2K1	?
Run76	N20D00417	IDH2	?
Run76	N20D00417	SMAD4	?
Run76	N20D00417	STK11	?
Run76	N20D00417	GNA11	?
Run77	N20D00488	-	-
Run78	N20D00510	TERT	?
Run78	N20D00510	KRAS	?
Run78	N20D00510	MAP2K1	?
Run79	N20D00547	RAC1	1.5
Run79	N20D00547	EGFR	1.5
Run79	N20D00547	GNAQ	?
Run79	N20D00547	PTEN	?
Run79	N20D00547	FGFR2	?
Run79	N20D00547	H3F3A	?
Run79	N20D00547	AKT1	?
Run80	N20D00613	EGFR	15
Run80	N20D00613	BRAF	1.5
Run80	N20D00613	MET	1.5
Run80	N20D00613	PTEN	0.5
Run80	N20D00613	FGFR2	?
Run80	N20D00613	STK11	?
Run80	N20D00613	GNA11	?
Run80	N20D00633	-	-
Run81	N20D00655	BRAF	?
Run82	N20D00703	AKT1	?
Run82	N20D00703	SMAD4	?
Run83	N20D00742	RAC1	1.5
Run83	N20D00742	EGFR	1.5
Run83	N20D00742	BRAF	1.5
Run83	N20D00742	MET	1.5
Run83	N20D00742	CDKN2A	0.5
Run83	N20D00742	PTEN	0.5
Run83	N20D00742	FGFR2	?
Run83	N20D00742	POLE	?
Run85	N20D00813	RAC1	1.5
Run85	N20D00813	EGFR	1.5
Run85	N20D00813	BRAF	1.5
Run85	N20D00813	MET	1.5
Run85	N20D00813	CDKN2A	0.5
Run85	N20D00813	PTEN	0.5
Run85	N20D00813	FGFR2	?
Run85	N20D00813	PIK3CA	?
Run85	N20D00813	HRAS	?
Run85	N20D00813	ERBB2	?
Run85	N20D00813	STK11	?
Run85	N20D00813	GNA11	?
Run86	N20D00846	NRAS	?
Run86	N20D00846	FGFR2	?
Run86	N20D00846	H3F3A	?
Run86	N20D00846	PIK3CA	?
Run86	N20D00846	FGFR3	?
Run86	N20D00846	KIT	7.5
Run86	N20D00846	PDGFRA	7.5
Run86	N20D00846	HRAS	?
Run86	N20D00846	AKT1	?
Run86	N20D00846	MAP2K1	?
Run86	N20D00846	ERBB2	?
Run86	N20D00850	NRAS	?
Run86	N20D00850	EGFR	1.5
Run86	N20D00850	BRAF	1.5
Run86	N20D00850	MET	1.5
Run86	N20D00850	CDKN2A	0
Run86	N20D00850	PTEN	0.5
Run86	N20D00850	FGFR2	?
Run86	N20D00850	PIK3CA	?
Run86	N20D00850	KIT	10
Run86	N20D00850	PDGFRA	10
Run86	N20D00850	STK11	?
Run86	N20D00850	GNA11	?
Run87	N19D00635	EGFR	5
Run87	N19D00635	BRAF	1.5
Run87	N19D00635	MET	1.5
Run87	N19D00635	CDKN2A	0
Run87	N19D00635	PTEN	0.5
Run87	N19D00635	FGFR2	?
Run87	N19D00635	KRAS	?
Run87	N19D00635	STK11	?
Run87	N19D00635	GNA11	?
Run87	N19D00635	ERBB2	?
Run87	N19D00635	NRAS	?
Run87	N20D00904	RAC1	1.5
Run87	N20D00904	EGFR	1.5
Run87	N20D00904	BRAF	1.5
Run87	N20D00904	MET	1.5
Run87	N20D00904	PTEN	?
Run87	N20D00904	FGFR2	?
Run87	N20D00904	FGFR1	?
Run87	N20D00904	AKT1	?
Run87	N20D00904	MAP2K1	?
Run87	N20D00904	IDH2	?
Run87	N20D00904	ERBB2	?
Run88	N20D00941	TERT	?
Run88	N20D00941	STK11	?
Run88	N20D00941	GNA11	?
Run89	N20D00964	RAC1	1.5
Run89	N20D00964	EGFR	1.5
Run89	N20D00964	BRAF	1.5
Run89	N20D00964	MET	1.5
Run89	N20D00964	CDKN2A	0.5
Run89	N20D00964	JAK2	?
Run89	N20D00964	GNAQ	?
Run89	N20D00964	PTEN	0.5
Run89	N20D00964	FGFR2	?
Run90	N20D01000	BRAF	?
Run90	N20D01000	CDKN2A	0.5
Run90	N20D01000	TERT	?
Run90	N20D01000	POLE	?
Run91	N20D01029	-	-
Run91	N20D01035	RAC1	1.5
Run91	N20D01035	EGFR	1.5
Run91	N20D01035	BRAF	1.5
Run91	N20D01035	MET	1.5
Run91	N20D01035	POLE	?
Run91	N20D01035	AKT1	?
Run91	N20D01073	EGFR	25
Run91	N20D01073	BRAF	1.5
Run91	N20D01073	MET	1.5
Run91	N20D01073	CDKN2A	0
Run91	N20D01073	GNAQ	?
Run91	N20D01073	PTEN	?
Run91	N20D01073	FGFR2	?
Run91	N20D01073	PDGFRA	5
Run91	N20D01074	CDKN2A	0
Run91	N20D01074	FGFR3	?
Run91	N20D01074	KIT	?
Run91	N20D01074	PDGFRA	?
Run91	N20D01074	KRAS	?
Run91	N20D01074	POLE	?
Run91	N20D01074	MAP2K1	?
Run91	N20D01074	ERBB2	1.5
Run92	N20D01083	-	-
Run93	N20D01130	-	-
Run93	N20D01145	EGFR	1.5
Run93	N20D01145	BRAF	1.5
Run93	N20D01145	MET	1.5
Run93	N20D01145	CDKN2A	0
Run93	N20D01145	PTEN	0
Run93	N20D01145	FGFR2	?
Run93	N20D01145	POLE	?
Run93	N20D01145	STK11	?
Run93	N20D01145	GNA11	?
Run93	N20D01149	MET	1.5
Run93	N20D01149	BRAF	1.5
Run93	N20D01149	CDKN2A	0.5
Run93	N20D01149	IDH2	?
Run94	N20D01175	RAC1	1.5
Run94	N20D01175	EGFR	1.5
Run94	N20D01175	BRAF	1.5
Run94	N20D01175	MET	1.5
Run94	N20D01175	PTEN	0.5
Run94	N20D01175	FGFR2	?
Run94	N20D01185	STK11	?
Run94	N20D01185	GNA11	?
Run94	N20D01186	-	-
Run94	N20D01203	BRAF	1.5
Run94	N20D01203	MET	1.5
Run94	N20D01203	STK11	?
Run94	N20D01203	GNA11	?
Run94	N20D01208	CDKN2A	0.5
Run94	N20D01208	FGFR3	?
Run94	N20D01208	TERT	?
Run94	N20D01208	KRAS	?
Run94	N20D01208	POLE	?
Run95	N20D01243	EGFR	15
Run95	N20D01243	CDKN2A	0
Run95	N20D01243	PTEN	0.5
Run95	N20D01243	FGFR2	?
Run95	N20D01243	FGFR3	?
Run96	N20D01244	EGFR	12.5
Run96	N20D01244	CDKN2A	0
Run96	N20D01244	PTEN	0.5
Run96	N20D01244	FGFR2	?
Run96	N20D01244	FGFR3	?
Run97	N20D01302	EGFR	1.5
Run97	N20D01302	BRAF	1.5
Run97	N20D01302	MET	1.5
Run97	N20D01302	CDKN2A	0.5
Run97	N20D01302	PTEN	0.5
Run97	N20D01302	FGFR2	?
Run97	N20D01302	MAP2K1	?
Run97	N20D01302	IDH2	?
Run97	N20D01303	-	-
Run97	N20D01325	EGFR	20
Run97	N20D01325	BRAF	1.5
Run97	N20D01325	MET	1.5
Run97	N20D01325	PTEN	0.5
Run97	N20D01325	FGFR2	?
Run97	N20D01325	FGFR3	?
Run97	N20D01325	ERBB2	?
Run97	N20D01306	-	-
Run99	N20D01439	EGFR	1.5
Run99	N20D01439	BRAF	1.5
Run99	N20D01439	MET	1.5
Run99	N20D01439	PTEN	0.5
Run99	N20D01439	FGFR2	?
Run99	N20D01439	FGFR3	?
Run99	N20D01439	STK11	?
Run99	N20D01439	GNA11	?
Run99	N20D01440	EGFR	45
Run99	N20D01440	CDKN2A	0
Run99	N20D01440	PTEN	0.5
Run99	N20D01440	FGFR2	?
Run100	N20D01469	BRAF	1.5
Run100	N20D01469	MET	1.5
Run100	N20D01469	PTEN	0.5
Run100	N20D01469	H3F3A	?
Run100	N20D01471	CDKN2A	0.5
Run100	N20D01471	PTEN	0.5
Run100	N20D01471	FGFR2	?
Run100	N20D01471	FGFR3	?
Run100	N20D01471	KIT	?
Run100	N20D01471	PDGFRA	?
Run100	N20D01471	HRAS	?
Run100	N20D01471	KRAS	?
Run100	N20D01471	POLE	?
Run100	N20D01471	MAP2K1	?
Run100	N20D01471	IDH2	?
Run100	N20D01471	SMAD4	?
Run101	N20D01526	RAC1	1.5
Run101	N20D01526	EGFR	1.5
Run101	N20D01526	BRAF	1.5
Run101	N20D01526	MET	1.5
Run101	N20D01526	CDKN2A	0.5
Run101	N20D01526	PTEN	0.5
Run101	N20D01526	FGFR1	?
Run101	N20D01526	AKT1	?
Run101	N20D01526	SMAD4	?
Run102	N20D01597	EGFR	10
Run102	N20D01597	BRAF	1.5
Run102	N20D01597	MET	1.5
Run102	N20D01597	CDKN2A	0.5
Run102	N20D01597	PTEN	0.5
Run102	N20D01597	FGFR1	?
Run102	N20D01597	PIK3CA	?
Run102	N20D01597	STK11	?
Run102	N20D01597	GNA11	?
Run102	N20D01556	EGFR	1.5
Run102	N20D01556	BRAF	1.5
Run102	N20D01556	MET	1.5
Run102	N20D01556	H3F3A	?
Run102	N20D01556	KRAS	?
Run103	N20D01601	-	-
Run103	N20D01642	EGFR	50
Run103	N20D01642	BRAF	1.5
Run103	N20D01642	MET	1.5
Run103	N20D01642	CDKN2A	0
Run103	N20D01642	PTEN	?
Run103	N20D01642	FGFR2	?
Run103	N20D01642	PIK3CA	?
Run103	N20D01642	PDGFRA	1.5
Run103	N20D01642	RAC1	1.5
Run103	N20D01642	STK11	?
Run103	N20D01642	GNA11	?
Run103	N20D01653	RAC1	1.5
Run103	N20D01653	EGFR	1.5
Run103	N20D01653	BRAF	1.5
Run103	N20D01653	MET	1.5
Run103	N20D01653	POLE	?
Run103	N20D01653	AKT1	?
Run104	N20D01664	EGFR	1.5
Run104	N20D01664	BRAF	1.5
Run104	N20D01664	MET	1.5
Run104	N20D01664	CDKN2A	0
Run104	N20D01664	PTEN	0.5
Run104	N20D01664	FGFR2	?
Run104	N20D01665	RAC1	1.5
Run104	N20D01665	EGFR	1.5
Run104	N20D01665	BRAF	1.5
Run104	N20D01665	MET	1.5
Run104	N20D01665	CDKN2A	?
Run104	N20D01665	JAK2	?
Run104	N20D01665	GNAQ	?
Run104	N20D01665	PTEN	0.5
Run104	N20D01665	FGFR2	?
Run104	N20D01665	PIK3CA	?
Run104	N20D01665	FGFR1	?
Run105	N20D01738	-	-
Run106	N20D01789	-	-
Run107	N20D01829	-	-
Run109	N20D01944	NRAS	?
Run109	N20D01994	NRAS	?
Run109	N20D01994	CDKN2A	0.5
Run109	N20D01994	GNAQ	?
Run109	N20D01994	PIK3CA	?
Run109	N20D01994	FGFR3	?
Run109	N20D01994	KIT	?
Run109	N20D01994	PDGFRA	?
Run109	N20D01994	FGFR1	?
Run109	N20D01994	AKT1	?
Run109	N20D01994	SMAD4	?
Run110	N20D02047	NRAS	?
Run110	N20D02047	EGFR	1.5
Run110	N20D02047	BRAF	1.5
Run110	N20D02047	MET	1.5
Run110	N20D02047	CDKN2A	0.5
Run110	N20D02047	FGFR3	?
Run110	N20D02047	KIT	?
Run110	N20D02047	PDGFRA	?
Run110	N20D02047	MAP2K1	?
Run110	N20D02047	IDH2	?
Run110	N20D02050	NRAS	?
Run111	N20D02087	EGFR	20
Run111	N20D02087	BRAF	1.5
Run111	N20D02087	MET	1.5
Run111	N20D02087	CDKN2A	0.5
Run111	N20D02087	PTEN	0.5
Run111	N20D02087	FGFR2	?
Run111	N20D02087	KIT	1.5
Run111	N20D02087	PDGFRA	1.5
Run111	N20D02087	AKT1	?
Run111	N20D02087	GNA11	?
Run111	N20D02087	HRAS	?
Run112	N20D02207	-	-
Run112	N20D02220	EGFR	15
Run112	N20D02220	RAC1	?
Run112	N20D02220	BRAF	1.5
Run112	N20D02220	MET	1.5
Run112	N20D02220	CDKN2A	0
Run112	N20D02220	PTEN	0.5
Run112	N20D02220	FGFR2	?
Run112	N20D02220	ERBB2	?
Run113	N21D00102	AKT1	?
Run113	N21D00102	ERBB2	?
Run113	N21D00103	CDKN2A	0.5
Run113	N21D00103	FGFR1	1.5
Run113	N21D00107	FGFR2	?
Run113	N21D00107	AKT1	?
Run113	N21D00107	STK11	?
Run113	N21D00107	GNA11	?
Run113	N21D00154	EGFR	35
Run113	N21D00154	CDKN2A	0
Run113	N21D00154	PTEN	?
Run113	N21D00154	FGFR2	?
Run113	N21D00154	PIK3CA	?
Run113	N21D00154	STK11	?
Run113	N21D00154	GNA11	?
Run44	N19D00783	POLE	?
